username,password,role,class
test1,Openhydra123,student-common,三年一班
test2,Openhydra123,student-common,三年一班
test3,Openhydra123,student-common,三年一班
test4,Openhydra123,student-common,三年一班
test5,Openhydra123,student-common,三年一班
test6,Openhydra123,student-common,三年一班
test7,Openhydra123,student-common,三年一班
test8,Openhydra123,student-common,三年一班
test9,Openhydra123,student-common,三年一班
test10,Openhydra123,student-common,三年一班
test11,Openhydra123,student-common,三年一班
test12,Openhydra123,student-common,三年一班
test13,Openhydra123,student-common,三年一班
test14,Openhydra123,student-common,三年一班
test15,Openhydra123,student-common,三年一班
test16,Openhydra123,student-common,三年一班
test17,Openhydra123,student-common,三年一班
test18,Openhydra123,student-common,三年一班
test19,Openhydra123,student-common,三年一班
test20,Openhydra123,student-common,三年一班
test21,Openhydra123,student-common,三年一班
test22,Openhydra123,student-common,三年一班
test23,Openhydra123,student-common,三年一班
test24,Openhydra123,student-common,三年二班
test25,Openhydra123,student-common,三年二班
test26,Openhydra123,student-common,三年二班
test27,Openhydra123,student-common,三年二班
test28,Openhydra123,student-common,三年二班
test29,Openhydra123,student-common,三年二班
test30,Openhydra123,student-common,三年二班
test31,Openhydra123,student-common,三年二班
test32,Openhydra123,student-common,三年二班
test33,Openhydra123,student-common,三年二班
test34,Openhydra123,student-common,三年二班
